ts_code,name,holder_name,hold_amount,hold_ratio
510180,上证180ETF华安,中央汇金投资有限责任公司,"5,231,570,000",91.93
510100,上证50ETF易方达,中央汇金投资有限责任公司,"91,758,200",5.83
510050,上证50ETF华夏,中央汇金投资有限责任公司,"28,791,500,000",50.81
510050,上证50ETF华夏,中央汇金资产管理有限责任公司,"19,967,500,000",35.24
510300,沪深300ETF华泰柏瑞,中央汇金资产管理有限责任公司,"37,858,500,000",42.62
510300,沪深300ETF华泰柏瑞,中央汇金投资有限责任公司,"35,654,600,000",40.14
510230,金融ETF国泰,中央汇金投资有限责任公司,"2,563,560,000",77.59
510310,沪深300ETF易方达,中央汇金资产管理有限责任公司,"28,538,700,000",43.34
510310,沪深300ETF易方达,中央汇金投资有限责任公司,"27,355,400,000",41.54
510310,沪深300ETF易方达,易方达基金－中央汇金资产管理有限责任公司－易方达基金－汇金资管单一资产管理计划,"254,000,000",0.39
510330,沪深300ETF华夏,中央汇金资产管理有限责任公司,"21,090,800,000",44.47
510330,沪深300ETF华夏,中央汇金投资有限责任公司,"20,937,200,000",44.15
510500,中证500ETF南方,中央汇金投资有限责任公司,"8,235,100,000",43.2
510500,中证500ETF南方,中央汇金资产管理有限责任公司,"5,981,980,000",31.38
510500,中证500ETF南方,易方达基金－中央汇金资产管理有限责任公司－易方达基金－汇金资管单一资产管理计划,"190,081,000",1
511180,可转债ETF海富通,全国社保基金二一四组合,"20,141,400",2.81
511180,可转债ETF海富通,基本养老保险基金一零一组合,"19,241,700",2.68
511180,可转债ETF海富通,全国社保基金二零六组合,"12,116,900",1.69
511380,可转债ETF博时,全国社保基金二零八组合,"82,010,500",2.16
511380,可转债ETF博时,全国社保基金二一零组合,"48,893,500",1.29
511380,可转债ETF博时,基本养老保险基金一零七组合,"47,685,600",1.26
512010,医药ETF易方达,华夏基金－中央汇金资产管理有限责任公司－华夏基金－汇金资管单一资产管理计划,"893,274,000",1.99
512010,医药ETF易方达,易方达基金－中央汇金资产管理有限责任公司－易方达基金－汇金资管单一资产管理计划,"846,000,000",1.89
512100,中证1000ETF南方,中央汇金资产管理有限责任公司,"13,212,200,000",51.51
512100,中证1000ETF南方,中央汇金投资有限责任公司,"8,956,690,000",34.92
512170,医疗ETF华宝,华夏基金－中央汇金资产管理有限责任公司－华夏基金－汇金资管单一资产管理计划,"229,702,000",0.31
512400,有色金属ETF南方,华夏基金－中央汇金资产管理有限责任公司－华夏基金－汇金资管单一资产管理计划,"225,077,000",2.11
512500,中证500ETF华夏,中央汇金投资有限责任公司,"2,050,890,000",47.26
512500,中证500ETF华夏,华夏基金－中央汇金资产管理有限责任公司－华夏基金－汇金资管单一资产管理计划,"803,000,000",18.5
512640,金融地产ETF嘉实,嘉实中证金融地产交易型开放式指数证券投资基金联接基金,"13,357,800",62.89
512660,军工ETF国泰,易方达基金－中央汇金资产管理有限责任公司－易方达基金－汇金资管单一资产管理计划,"300,000,000",3.86
512660,军工ETF国泰,华夏基金－中央汇金资产管理有限责任公司－华夏基金－汇金资管单一资产管理计划,"118,565,000",1.53
512690,酒ETF鹏华,易方达基金－中央汇金资产管理有限责任公司－易方达基金－汇金资管单一资产管理计划,"581,000,000",1.65
513050,中概互联网ETF易方达,易方达基金－中央汇金资产管理有限责任公司－易方达基金－汇金资管单一资产管理计划,"970,000,000",3.59
515020,银行ETF华夏,华夏基金－中央汇金资产管理有限责任公司－华夏基金－汇金资管单一资产管理计划,"67,500,000",12.6
515050,通信ETF华夏,易方达基金－中央汇金资产管理有限责任公司－易方达基金－汇金资管单一资产管理计划,"200,000,000",5.83
515170,食品饮料ETF华夏,华夏基金－中央汇金资产管理有限责任公司－华夏基金－汇金资管单一资产管理计划,"235,233,000",2.27
515210,钢铁ETF国泰,华夏基金－中央汇金资产管理有限责任公司－华夏基金－汇金资管单一资产管理计划,"35,331,100",1.29
515800,中证800ETF汇添富,中央汇金资产管理有限责任公司,"1,307,630,000",30.48
515790,光伏ETF华泰柏瑞,华夏基金－中央汇金资产管理有限责任公司－华夏基金－汇金资管单一资产管理计划,"75,091,700",0.64
516100,金融科技ETF华夏,兴业银行股份有限公司-华夏中证金融科技主题交易型开放式指数证券投资基金发起式联接基金,"440,881,000",44.95
516110,汽车ETF国泰,华夏基金－中央汇金资产管理有限责任公司－华夏基金－汇金资管单一资产管理计划,"61,706,900",14.92
516860,金融科技ETF博时,中国建设银行股份有限公司－博时中证金融科技主题交易型开放式指数证券投资基金联接基金,"122,630,000",8.22
560010,中证1000ETF广发,中央汇金资产管理有限责任公司,"6,749,920,000",58.77
560010,中证1000ETF广发,中央汇金投资有限责任公司,"3,799,920,000",33.09
560050,中国A50ETF汇添富,中央汇金资产管理有限责任公司,"453,089,000",11.85
561580,央企红利ETF华泰柏瑞,华夏基金－中央汇金资产管理有限责任公司－华夏基金－汇金资管单一资产管理计划,"33,709,900",4.11
562510,旅游ETF华夏,华夏基金－中央汇金资产管理有限责任公司－华夏基金－汇金资管单一资产管理计划,"61,996,600",7.35
588080,科创50ETF易方达,中央汇金投资有限责任公司,"11,806,600,000",22.92
588080,科创50ETF易方达,中央汇金资产管理有限责任公司,"9,800,140,000",19.03
588050,科创50ETF工银,中央汇金投资有限责任公司,"969,748,000",11.78
159143,港股通央企红利ETF平安,深圳证金投资管理有限公司-证金私客尊享二期私募证券投资基金,7000880.0,1.36
159143,港股通央企红利ETF平安,深圳证金投资管理有限公司-证金私客尊享四期私募证券投资基金,5800560.0,1.13
159200,科创债ETF富国,基本养老保险基金一零七组合,4943200.0,2.01
159562,黄金股ETF华夏,华夏基金－中央汇金资产管理有限责任公司－华夏基金－汇金资管单一资产管理计划,92999700.0,6.86
159629,中证1000ETF富国,中央汇金资产管理有限责任公司,2320960000.0,54.52
159629,中证1000ETF富国,中央汇金投资有限责任公司,1313010000.0,30.84
159649,国开债ETF华安,基本养老保险基金二零三组合,1003000.0,3.98
159605,中概互联ETF广发,易方达基金-中央汇金资产管理有限责任公司-易方达基金-汇金资管单一资产管理计划,700000000.0,17.49
159845,中证1000ETF华夏,中央汇金资产管理有限责任公司,8928110000.0,56.04
159845,中证1000ETF华夏,中央汇金投资有限责任公司,4797800000.0,30.11
159851,金融科技ETF华宝,中国建设银行股份有限公司－华宝中证金融科技主题交易型开放式指数证券投资基金发起式联接基金,2871070000.0,24.09
159865,养殖ETF国泰,华夏基金－中央汇金资产管理有限责任公司－华夏基金－汇金资管单一资产管理计划,128691000.0,1.37
159852,软件ETF嘉实,华夏基金－中央汇金资产管理有限责任公司－华夏基金－汇金资管单一资产管理计划,122126000.0,1.75
159995,芯片ETF华夏,华夏基金－中央汇金资产管理有限责任公司－华夏基金－汇金资管单一资产管理计划,280167000.0,1.92
159977,创业板ETF天弘,中央汇金投资有限责任公司,462012000.0,8.94
159952,创业板ETF广发,中央汇金投资有限责任公司,1091030000.0,15.43
159922,中证500ETF嘉实,中央汇金投资有限责任公司,2310720000.0,44.32
159919,沪深300ETF嘉实,中央汇金投资有限责任公司,19543700000.0,47.88
159919,沪深300ETF嘉实,中央汇金资产管理有限责任公司,15954800000.0,39.09
159915,创业板ETF易方达,中央汇金投资有限责任公司,11363000000.0,36.07
159915,创业板ETF易方达,中央汇金资产管理有限责任公司,5656820000.0,17.96
159901,深证100ETF易方达,中央汇金资产管理有限责任公司,693203000.0,33.94
159901,深证100ETF易方达,易方达基金－中央汇金资产管理有限责任公司－易方达基金－汇金资管单一资产管理计划,240000000.0,11.75
159901,深证100ETF易方达,中央汇金投资有限责任公司,25325300.0,1.24
